movieId,0,1,2,3,4,5,6,7,8,9,10,11,12,13,14
1,0.8558318532087549,0.6304694452559555,0.008817081995586099,0.013585074880113953,0.4235147630597475,0.16639181637153358,0.2221328977217387,0.2518606055300547,0.21583671645965186,0.10434111748438323,0.22418021244003622,0.2606674989430581,0.24520788529625784,0.04590979532319316,0.2425221435974236
10,1.1397826883600952,0.5138628057897489,0.017849410344416682,0.1061768620559518,0.27342368743320766,0.048293817745027466,0.3746364447265049,0.18228155598428025,0.14993655545654708,0.028853105096881205,0.5303312240993254,0.2304062490229112,0.11610385443304339,0.056892751910129054,0.15281664549359705
11,0.9169398892768874,0.41792723975988716,0.0037859607576511073,0.1478829361629922,0.08569531538309653,0.11661858513350265,0.357826991978724,0.14124869087151803,0.009770543910830895,0.1350572810043093,0.48882215431753684,0.6775836792563691,0.26296068812638307,0.03854004034483187,0.26333378274168673
14,0.3067939147073557,0.14219134145294887,0.006693047771468968,0.03654804354224055,0.12845943208209126,0.06407883675937459,0.3953568876177258,0.08842422208073487,0.2007592958625518,0.14090943779341125,0.6738081561532627,0.1697754903130669,0.2145664020045081,0.12877436867979888,0.1341615995820617
15,0.7256334010172028,0.02607936724606432,0.0036624455185103894,0.049170720271017807,0.6024872129389153,0.07520812782520303,0.16785209266804693,0.00243580841934188,0.135818988515761,0.04917766903764017,0.3600911683945472,1.056586693629525,0.25241335322879915,0.05741639665077365,0.28562722644303074
16,0.9480323813816843,0.5965180593922673,0.018508188886079285,0.09246021311406984,0.001256572972812994,0.04604799989421826,0.36625391154566556,0.28387677848240017,0.12353465679111338,0.13654565062615337,0.04430773285551303,0.5183910709894575,0.13053978123425294,0.08631847978868679,0.16857325538993506
17,0.9560743676148803,0.12569327106579703,0.003931638121647254,0.047523905675073336,0.3781473313553103,0.022853038174320522,0.16994195282086177,0.07562128542602743,0.35630316777103394,0.01931796209465937,0.5942619826378169,0.44167041543056756,0.40709878581734643,0.09026042476938594,0.0612262335838665
18,1.1324910230216987,0.43936431819669686,0.012686658238506959,0.07683515430649626,0.08635447291739339,0.13912372569476442,0.27861629215608175,0.10241229795662005,0.11564308161791483,0.2815108621230219,0.3417055551657546,0.09256520159117242,0.08841114462031308,0.045934177960561325,0.1533846729543369
19,1.442990092232974,0.32923555279844874,0.011444438495177671,0.012211588455548764,0.46025528399082366,0.0010283800519722461,0.20193704044481733,0.14026948065369857,0.08274761675819456,0.1270446265927846,0.043475403567387154,0.033634539543944346,0.07313757896318497,0.030625216067986166,0.30392062174822077
20,1.1017421073428895,0.4743610241052779,0.005057955132138254,0.16171850698970286,0.014253126575350276,0.07952765439017045,0.0704299656975769,0.1440857939995776,0.18751509304878983,0.04193123480609654,0.4431292249347932,0.1714959970865544,0.2511735558615042,0.05637895053530659,0.16222187450699757
21,0.38918983523715245,0.03913221528281123,0.006309195348114644,0.09559130651511856,0.32068233055736334,0.13113852598780965,0.2741924472180473,0.2612987865506204,0.2817635549379768,0.15803769999012876,0.49249490801950735,0.5273253011093383,0.15610590211522155,0.05726330611214458,0.3241700004097567
22,1.2468528766215616,0.013192831381345962,0.012248233390488753,0.12617013965700558,0.30063918294940195,0.17507406970371775,0.3639966485614394,0.08005416296271047,0.2855350761735134,0.12427123884590079,0.18471323733916467,0.4780486863851454,0.0712468315805536,0.08792795985716823,0.09419372744366317
23,0.8578052171820066,0.595116705131112,0.014188886976866906,0.05761277961879249,0.06810946692711772,0.14821773496386334,0.19115278095482074,0.28372678460463224,0.21463495201140467,0.16274764923255827,0.5472936796556946,0.37657144362692807,0.29458088155629264,0.02397879411598639,0.21057272840268318
25,0.2354412340015202,0.42177068787708955,0.030035512077579787,0.033722028541701095,0.2723291992316355,0.030303207509478833,0.102613071698891,0.18297623973742896,0.10404247485502686,0.04486777494290069,0.6098705093404174,0.012319897693825133,0.3592466641644311,0.021745468620194268,0.27485101095765285
34,0.9364037779129764,0.594088119484783,8.653855433986178e-05,0.06019496875883348,0.6577325446939404,0.035645679790017676,0.2649940361240908,0.0793880107870622,0.19536062365416107,0.13980358849886027,0.6901800949013026,0.3698122039290812,0.17354178951695412,0.06774449812304992,0.03106701397408194
36,0.6443614208306706,0.3331814343415772,0.01547234309233135,0.0910728819356557,0.08978001849137,0.2089114747056703,0.16805931472931873,0.16169632514359136,0.22320884665046498,0.15336501001363323,0.31258691628634155,0.6475975951347532,0.18274530017242585,0.017120134692889373,0.2668787262837164
39,0.4283926923221745,0.46487041149545555,0.013037507338962452,0.06014449359961043,0.05074004628098721,0.24039167722612573,0.34382220620180587,0.12060781417995516,0.21238855686662725,0.06140841856237675,0.3499092230993637,0.4880299958798512,0.2216337978467746,0.031037452304136046,0.3097238182101229
41,0.6153562020117587,0.7649837323194916,0.00021744744772221185,0.021009466749972797,0.3464511262459144,0.1689966963352657,0.14552054240812062,0.11705165927987984,0.189699160305542,0.08657355905530334,0.47818590106999237,0.1763728854136302,0.2480841699970219,0.02823421277183893,0.2886731913172191
44,0.5486687833039303,0.513827420429777,0.0036908118014802455,0.09108628599429627,0.3117605887398132,0.20806944932928126,0.5290264413201814,0.09105891971765658,0.366360749969002,0.10124538281450439,0.0026889453756701563,0.2295812182191995,0.033094889063050234,0.07920109061302043,0.15421871202945472
45,0.7056311859566856,0.571088209566366,0.013332494367759587,0.05341487499602566,0.44791094127940023,0.28281613545086837,0.34809978532488356,0.2416463099781479,0.18869592798936824,0.09241961129841125,0.20773301665320001,0.10113796684605746,0.16558703821371729,0.0009576660362189121,0.20664503209683194
47,0.46388936815643805,0.302595066834481,0.0033654794982119008,0.0660342609278832,0.22146073211232312,0.17647847079026163,0.4534513844991,0.11622844424978884,0.1213136747096832,0.08857137265095875,0.19344076068613972,0.5483894233363072,0.1937851455466683,0.04413768538208293,0.11915170395731313
48,0.9551145183906422,0.3179463879362498,0.00045138701922964666,0.1045507633199297,0.434695508323194,0.013230980671782912,0.4184850738985815,0.18339097229665186,0.09127236021889185,0.1196250211310124,0.5664460098948657,0.4861158720474064,0.2047037997671534,0.036565391322861,0.2943494425113275
50,0.9950678740667876,0.05657524309978736,0.005191408264763892,0.04114827214478978,0.2212975078249752,0.2944773690674214,0.09077938581124871,0.004754233053899462,0.4194882823577097,0.01492686159815225,0.5777504032796497,0.1939007561614657,0.269794490115011,0.05705790578731497,0.19869317039572523
57,1.077365259189045,0.26334711048949405,0.00029505022145164786,0.06101169633036586,0.45062036758867363,0.21336821281805257,0.46147888224561473,0.22735299027322028,0.2562153071910672,0.04970098761368786,0.7553507399473252,0.6364950489312974,0.1519153750516717,0.04550072985174651,0.02372928214514634
60,0.9885920176096594,0.28784766555300423,0.003256162174500293,0.0959189820235425,0.20560185951946344,0.19413066668482123,0.11773550180217285,0.21273128564295649,0.23419104361177825,0.08791412697352899,0.18449139282419194,0.18085330911621358,0.194120450418017,0.06819702043350158,0.13801253080979212
61,0.3510383106814884,0.009243599552472103,0.014141934718616361,0.0054294826904626855,0.17887213691183732,0.2502217337052628,0.09013601251797235,0.15790805446555795,0.06094425881912345,0.16797809325291568,0.6196354075775697,0.6416146788173726,0.3332203995722871,0.05338966724886888,0.026698900109423097
62,1.0486860840156829,0.030054014624471558,0.01591719180020006,0.0472011589244523,0.126256057440205,0.13838548035944767,0.006028374083502733,0.009800578267357715,0.3107675222955339,0.1289520461966725,0.9169502061952772,0.00017828103436659908,0.2031008271803761,0.029195431186413094,0.38234620345281217
69,0.5639832371155776,0.45221125112763083,0.010861722110449105,0.04703126019425395,0.0032513044326144295,0.30060142353152386,0.3505669477703108,0.1776429630168649,0.41111625697729204,0.0891741087149574,0.4600003782096095,0.06631675211986825,0.16382795757171653,0.050262076133894856,0.3616005899918002
70,0.349553783603711,0.37994688845378843,0.021735260538485155,0.1871351492385238,0.2716214000234247,0.051982520955846025,0.05127594592848701,0.19798153305706326,0.21633223249903852,0.001798539105035816,0.7101257445788863,0.41863909492843937,0.10430850498474677,0.07170682182587854,0.20437638001776404
79,1.5575661593930947,0.35584903173432886,0.010492685613808233,0.049896603244853815,0.25724024140603946,0.11746612385141836,0.03156450605391852,0.011371312408035164,0.35835187855160905,0.1039754087410508,0.011316680589914554,0.6486828752251508,0.030998321921513337,0.03270694479740217,0.39258005272737234
81,1.0311085065102168,0.38720970560849366,0.016015164854252747,0.07089673702244062,0.5607800614710169,0.07807160169840177,0.15552650145671904,0.1297818394759205,0.20270229391199276,0.1660057712045282,0.16632411901916247,0.10465211841393389,0.10411138674014683,0.061200599199064364,0.020555287232393145
86,0.5792120936873043,0.5667389185878602,0.018411499157314964,0.08758334050053197,0.11640430765099621,0.12092190081045052,0.19606425421668416,0.15673445707236744,0.3050096918696844,0.12707835295358155,0.0562397065436629,0.34946977111500027,0.3583516265209385,0.02671058145369128,0.171399804818779
92,0.5964496291124037,0.5678486475796727,0.015952359075636392,0.05898767157022489,0.32530246421826625,0.023867874153055038,0.310174163987124,0.07681510183309641,0.1201439793652666,0.1421274874495978,0.819349902656037,0.2970232130533944,0.13544498456359494,0.12781393561907303,0.0553037936953848
93,0.7920165051253948,0.040745761041906504,0.022876027350276315,0.04507354523013495,0.12322173996179954,0.38342055774235,0.3011184221318546,0.14081737347993362,0.38986998428926617,0.08985398598371476,0.2269979344448883,0.152595500153151,0.29507642072653595,0.06207278241746413,0.0034724028387678814
95,0.47764052378059363,0.34074582633988665,0.021232715155842852,0.03935939012296265,0.6159698308431941,0.17188805659899428,0.1924587904332849,0.21694027131933685,0.1541845009193944,0.05176385301291322,0.3291526495614848,0.03226620434042851,0.24572958789604246,0.0668294587630147,0.21055622699853488
100,0.1372420448451398,0.20031136668712668,0.02880378488452923,0.08843124394362047,0.401179183848006,0.1337359006181807,0.2807822936814016,0.009038154743387622,0.06193444780136416,0.11757735706406283,0.34953117762082286,0.18110280546026813,0.28846551504971024,0.05688751225722523,0.12313412198194415
101,0.9022342394399432,0.2397327937666761,0.009521872393925662,0.05209784312546539,0.2875261709120094,0.12092366864061663,0.03250862261771332,0.30631450539038263,0.22653026811596877,0.18005656404837195,0.3841320800639295,0.4263422542398919,0.2507855008818937,0.043731651260518,0.09428928997775751
104,0.23587580211433085,0.3479882363855644,0.018710635005131225,0.046167876123068906,0.322106774861537,0.1590171255805148,0.09389168860014643,0.10266625305390975,0.0627125180857197,0.12618608618794802,0.3136949378020439,0.1991008983256837,0.07499524859028936,0.02355066022984581,0.25213364253324205
105,0.4226831699201761,0.05914166254904807,0.013343490812992076,0.10481866208361594,0.5794208472446236,0.03355813542174865,0.39208739630130685,0.07449615713035551,0.260281587511842,0.1846705155398851,0.3374258615481824,0.43351933334781495,0.00677614046751739,0.031474388950703286,0.0031792018126927356
110,0.6133438873009989,0.35178081023232655,0.008499120413154827,0.02977214473177727,0.2068132327627739,0.16673413303056261,0.2802917409250112,0.12361972370895472,0.2305308561373151,0.03695920741744785,0.9277892828906978,0.39829303215880874,0.30070957847956237,0.03968940788216157,0.1280765436287714
111,0.2793155225307854,0.5494398257727076,0.015410656443099753,0.06334306440288885,0.38567557175169875,0.14911132010705191,0.34085986941492397,0.01110497049865882,0.0420667310524027,0.05926309461646557,0.6266027966439552,0.38537571902339396,0.04292299088527379,0.08235354245462058,0.062444287350632385
112,1.286908510063275,0.03852355720608974,0.0026433223257340587,0.041944472957302525,0.11614600617070218,0.07266738416658318,0.308793155945454,0.17393103980577931,0.09731074928621537,0.02131173016041965,0.03346017048936793,0.382840236175444,0.2517290094339935,0.047587819781212626,0.3267402968798756
122,0.33110346562570986,0.6329350924025335,0.0015084243379856804,0.06057903580655182,0.4495566363470387,0.23947097636486644,0.1018809716829784,0.06909795581862134,0.171054377356056,0.1991776052601504,0.1556105922580935,0.48081000099211124,0.28100726130435255,0.031548189112165,0.0787967686774838
125,0.25041123612319827,0.2517036694780775,0.012127716976320518,0.06616491353652401,0.5218170690153494,0.11587592984561344,0.2039052399604923,0.2227708674072117,0.1405238365264478,0.08832667426729467,0.2613773321351691,0.5690333768905319,0.20327183250696057,0.09706227816823693,0.02966647255207333
132,0.9535816577997186,0.3419157106587029,0.018728067717972093,0.06704993629875464,0.2543538765462896,0.24079306099080452,0.2542150893955255,0.14596411851567587,0.16668135814132085,0.18838044755376593,0.5395810547054394,0.1237439400851287,0.29160232927012814,0.03342109857225486,0.05179226412186061
140,0.742739208147402,0.847867308517357,0.010370404038797323,0.0215105300001837,0.1814659790500896,0.21754471304356038,0.25148816902683035,0.05510864032818785,0.21046673746625708,0.12554793796785846,0.46307161537711383,0.3161482821767325,0.22418144409128965,0.01513720511300111,0.022760270635662504
144,1.2535021243928286,0.8197685898067105,0.01792391392646366,0.042764863495510834,0.27937011791138433,0.18838793997269337,0.06129474279171586,0.022481175229951023,0.023656894826979646,0.003359635227468431,0.20134380299746155,0.7413111066585651,0.397995076177401,0.03982418787742259,0.08113477895874696
145,0.26536244098467016,0.1821416451436308,0.00858088932401639,0.11027544752463574,0.4776725463789866,0.15824525114206126,0.1555945335760952,0.3583244908280044,0.16581628563709497,0.16429790794705787,0.3271506126872971,0.7031750570787283,0.2324137149217654,0.05797740671917961,0.07124346673310968
150,0.6318750656139475,0.23075988565885808,0.005329784783648438,0.05604064258681702,0.36623315473673573,0.1868523317402376,0.11407248619328869,0.13339867699749722,0.37830551916025107,0.047031597684587784,0.44014829047836845,0.2747408324391973,0.3263615281728247,0.04282909268493073,0.14831719784905825
151,0.19351174769465104,0.601364811681163,0.016569943221350938,0.04282839823722329,0.4743013592735623,0.15775138783477732,0.3581172262162693,0.016486990587796048,0.11334525087461109,0.11709730227252924,0.24812669117608857,0.31912102004182896,0.31717668138943755,0.012502337113925696,0.1879171540206846
153,0.2550764703687289,0.5018413768237251,0.007950679444013823,0.03277290710244465,0.29296030807391965,0.08246892182417642,0.33577120619970297,0.05804298540629559,0.2358881120046078,0.1369697581432443,0.2756455169510271,0.4600204718170862,0.3264312803541874,0.05353551043435887,0.09147190003981105
158,0.44598358130863097,0.6257704664267337,0.014222020748297464,0.012454989314583333,0.1765961346004845,0.2319177879038445,0.42683125553386586,0.14335634814506007,0.044877180876222465,0.07540668476661906,0.26689338659453693,0.5863822097312665,0.21597119911318646,0.08714363206830929,0.11961386886973004
160,0.07813168010870379,1.2290679437215228,0.015546946177299665,0.02545858860215081,0.3125002013827543,0.0002160617045345392,0.457933170853009,0.030295396216251564,0.1586378647615077,0.010456407035819026,0.30153621738062636,0.15219042091936996,0.14752720665708874,0.0228691779653498,0.18826262812106628
161,0.25544066284122996,0.3404416319490664,0.010636766327285545,0.0973267087525222,0.3129792910104856,0.050373189916775404,0.5479986146317615,0.13025017397549202,0.16953247931750454,0.13309024481574042,0.49571398501750247,0.38110335305107695,0.22398872264193384,0.0826565117026978,0.07353953939436589
163,0.02011092163569484,0.21681685789009517,0.018549860532527582,0.12431526823596024,0.3747362926408553,0.08278320320492484,0.2060424409818685,0.10863685522003963,0.30331507261935076,0.16394970604667475,0.4350985228186411,0.335794039456448,0.26877427469690723,0.06428887193720755,0.09621520842414422
165,1.567102281452243,0.29593438179165815,0.01831225751376555,0.027090742288132682,0.0706807276784148,0.0398520047251457,0.13577637129698839,0.2342461532559114,0.03312508800583552,0.012937298409810987,0.09813027793531831,0.26357769622052235,0.19084754056271702,0.04790720924349742,0.10304961150230224
168,0.3098676560172532,0.6060270267781777,0.009303320270828013,0.020003027718641105,0.32845525366531175,0.1855355526617029,0.39048477624485867,0.11174341432084671,0.250742101776044,0.09878130375749969,0.2111048840689288,0.329220081630215,0.15217597958959309,0.018117532851964477,0.1632712190680087
170,0.7688836786647877,0.13332209029813674,0.012342447665741997,0.0821736900412248,0.15683807074023146,0.14628459128154303,0.24549822682296424,0.04168362311069522,0.1652755339080347,0.1873776562158953,0.09955378619403236,0.5746087485373387,0.08861251564421388,0.07817284609542927,0.2858271347969911
175,0.20828608101148616,0.5644853690597181,0.002437466738736686,0.06090608310084407,0.31661510151200783,0.10374044016790748,0.25845336770270116,0.1139756883664516,0.19523613819076835,0.018981414808514417,0.4578698455302287,0.009771802547758985,0.48001960065179666,0.019693676043262717,0.14572671029846848
180,0.4561459618805439,0.611253969921975,0.027073950019383806,0.034940314503008094,0.26615456187669956,0.14267008587505808,0.349359362866642,0.014664630381524593,0.2505097642315869,0.09930821337603897,0.4760600708293392,0.20717856198622794,0.24647768881758514,0.011768009321119667,0.14293856178008876
185,0.3648564918490927,0.5334372445373561,0.012101575814145584,0.08007610471531236,0.0431065738248388,0.04329304787942184,0.4531279271130241,0.2839831442804979,0.19601780997360732,0.25126890451693495,0.43475193074571544,0.12365397848286905,0.15618484854743822,0.035024270653218115,0.10919332338833987
188,0.07474118135811308,0.7361383417082331,0.03787364562174129,0.014535043377056245,0.14581315136162346,0.012484792165871424,0.1294650237430452,0.0010042879690504139,0.0430781603049593,0.1401703426348333,0.04612281850965209,0.3164371637123421,0.3379069207511072,0.00824202365636602,0.09471854806166807
191,0.05524339034718932,0.8788362596841499,0.00842333415108666,0.03478960729638161,0.21623968638521085,0.17895106943324965,0.34734066860717705,0.12693714619995572,0.061564674346778,0.1988203260076804,0.14200939610213026,0.5263279180736515,0.20326086250074293,0.06413605830815958,0.19564835131635291
193,0.02919940789547558,0.09348623716537108,0.029919537562204626,0.07763657411650345,0.45829129577638,0.21143435421417583,0.14154825706428578,0.06052943547174049,0.00799551070571169,0.013522626889003351,0.2801444762846681,0.00020122437430088175,0.3789718811206029,0.0013804048346137358,0.23633482765814937
196,0.1272649729009859,0.8862991313882608,0.0008372140542410822,0.009893517422627385,0.5468761553674161,0.06253482519060743,0.4115278655533003,0.09146164903750295,0.11881878492227604,0.06694214063280046,0.09542988061086384,0.18041186313152224,0.2801848178198949,0.012150677620044917,0.06912876616133432
204,0.12332953367086547,0.954666461144493,0.006229197651391299,0.013161572373451464,0.1774185568742078,0.1740807992546074,0.37582797308194543,0.18040339695684074,0.15572734521774437,0.14302296732762274,0.16376526890597898,0.19774332416025517,0.26520438456936707,0.003969761741240047,0.01687267844683472
208,0.5875093415445114,0.08164997678439982,0.011429863074998771,0.01962447531325894,0.1575561259374315,0.03883316898725174,0.2552090983294636,0.2603328384650289,0.1568277996751896,0.13953745337126558,0.5884818020688539,0.08058386451879458,0.352444825385499,0.020032375162821282,0.027795336625794868
215,1.0167783948217568,0.5789569241714494,0.00041513498978172533,0.03435851277689048,0.2941802274118334,0.010009258404009715,0.014308798280021217,0.24758352665222877,0.06192079879374322,0.15328993670621027,0.35483526074423344,0.6095179606939423,0.3650739923536997,0.032039817651032795,0.07106905621808818
223,0.3263854280738137,0.548807493156897,0.0045771825421831915,0.07328265330971906,0.2463174923960386,0.20538400407211563,0.004196248995054946,0.07170368219864877,0.06262738901262849,0.1495996631400642,0.42924250939270947,0.1376090515042994,0.4204437082475174,0.019039504105785258,0.4166842231836164
224,0.8032624289835432,0.3840072635274977,0.0009731172387058142,0.05765635890299655,0.17368312403515862,0.109598563029865,0.09775441537498461,0.16892163116074535,0.1532650779911499,0.257854929085283,0.2868744984262926,0.14319866524034608,0.09585761896391146,0.05533548992340197,0.2617873736650738
225,0.6190994002310658,0.5573713980257472,0.008149188684112817,0.01343978288625253,0.4032329120974116,0.05000640762884907,0.24644119840753476,0.18740959047298153,0.04403852027408143,0.1592482227641543,0.26074634700570815,0.453059775089058,0.2620433643641032,0.02767356612094343,0.07049207651470941
231,0.06795818845448556,0.5272277109632815,0.023508279800166024,0.02544192897623757,0.4842874594055213,0.13680059068578235,0.026190391876769768,0.12270567541701129,0.1506633139793994,0.04025570176993487,0.41310165825107537,0.023990853786956385,0.24079453966960984,0.012573232738543454,0.12457984570341223
233,0.03955561123295703,0.12393846194062172,0.014826332239039463,0.004805713792504877,0.14716400165986476,0.132283986418612,0.3329723846026354,0.25022054454381176,0.0775065941964666,0.08611480733909654,0.09242708825288039,0.016414524247337275,0.43379385211227145,0.040502086900118535,0.2738848382087296
235,0.491548658710366,0.40106894755648453,0.0058901030455485205,0.04877556914669896,0.11445078508604957,0.11962259979416615,0.37040079626657674,0.12201968858359478,0.2126018753280666,0.1449813169444305,0.4735175885297746,0.3987176249066072,0.34357887156596323,0.03444967770771703,0.15684813903286385
246,0.446809969486017,0.6817422860148303,0.015233361987259211,0.07011759084637215,0.04687169948573646,0.1320128929961348,0.37708602384522816,0.13674622976176368,0.13033913913965803,0.14329148503084338,0.22913211079551724,0.19983207048252868,0.07819421176556286,0.03174741263761213,0.3450825616409375
247,0.5344060320022501,1.0414154961360986,0.016312558820275724,0.019208686203662867,0.2596024468172065,0.11668822177706219,0.011892349948263376,0.22507593363901748,0.34392649644603956,0.04440206330254154,0.15323777348378698,0.09063861290545028,0.20116460656143229,0.03130294748143006,0.012124011745948316
253,0.33384728550326415,0.08181369504438148,0.008566057564239905,0.05386109876551655,0.07634204633669014,0.04948749855394508,0.2918863525758118,0.12422359835125885,0.3538454904921865,0.2161436977108515,0.44354462873918793,0.5270825892065101,0.37232898133990816,0.009157528342301192,0.10244423647034552
254,0.7610210590161154,0.024650311164141913,0.015100545854545426,0.06447137729057752,0.20131236982830766,0.05999146776425427,0.006520552999344131,0.07769017530576003,0.20671058705238837,0.04960757628732643,0.5263170681914033,0.8091255054835302,0.22455477066910218,0.05260758501878804,0.10007247834434986
255,0.3462895031235364,0.7305193885496701,0.01302683019244384,0.015200240679799843,0.23793991204485976,0.3265462184372913,0.15890035546454948,0.07928178634814166,0.09266020874844913,0.17945031560049116,0.35987951493444253,0.21839445453487868,0.03497973384822602,0.03851373690567403,0.00040067122913714444
259,0.12657989495397684,0.5058079029672378,0.018385642312802607,0.004741256498077638,0.005016185083151422,0.05272795006614471,0.014872324216536687,0.3536564865414707,0.25624943854234994,0.006899584399154159,0.06557408458343736,0.7678225333678801,0.0032294156228583988,0.03160183504924468,0.012301501696075056
260,0.2545243955855509,0.8728313428579192,0.006753968107584413,0.05447194019604209,0.02657614149560242,0.07145889841319264,0.18987083436839375,0.23433990045059105,0.008821157490893685,0.04288915924880822,0.08591379017295363,0.47726227382118186,0.07087086449442631,0.048696762518088806,0.06704401624033225
261,0.6861059430596201,0.33065000493641533,0.003984346497828371,0.0049313587635537596,0.4363418672410466,0.015357540179363449,0.4381665213992197,0.07954593265676213,0.06952077098775737,0.13676826825630858,0.13252526900342598,0.1643522485514651,0.23225792110719762,0.052950497389063524,0.10537918264350031
266,1.497576008021056,0.5178984972468461,0.007279926215491758,0.05909337254294755,0.25902035953361346,0.0023696863856013483,0.09998273206979533,0.15944195136993256,0.1640107818457349,0.08496135141692616,0.3755723368402064,0.6383361403079554,0.048722779201027355,0.04212366255485165,0.1313818471260203
292,0.2170386997820145,0.6979090683924462,0.023266918438013776,0.056215472242148186,0.05891945429226595,0.20410831382062078,0.09538116671940787,0.24734134337897576,0.034055559468886866,0.1686438328181835,0.4233713167078544,0.16455779158229866,0.034867548530577025,0.039757337924460845,0.19188015903844174
294,0.03483616168435226,0.24134307937284782,0.013368741169908546,0.005838515994741205,0.15165893382074142,0.188009634413996,0.2734490629829938,0.08272634292747837,0.12553955779110537,0.072655860533281,0.034897257191553836,0.186932196399511,0.22512296974631094,0.03392020447072591,0.1346319839105015
296,1.0104559130954114,0.43958795508068915,0.01622776479541323,0.04011202784760232,0.25360845957999895,0.20159044621910563,0.258279998827056,0.1427882023739138,0.030926972225256748,0.11364885844090492,0.42464368703546157,0.21717229845761912,0.04557261133897313,0.03808401259480152,0.16749271823794262
303,0.5681953218277699,0.12063279014342965,0.009954132672051978,0.04546098863737067,0.1647012574754257,0.10022120505114908,0.12259994197612764,0.30770624849686123,0.14455606160693135,0.2850948167698618,0.0036312333713335817,0.1141810757724964,0.16681690232331634,0.04607654966471611,0.13074906966376537
315,0.23916444029942302,0.5604089788349347,0.011723979843689523,0.02393787135538853,0.37555451912667315,0.07088833635996972,0.05116092612304239,0.03288618136461668,0.2291708250821316,0.1417951693442905,0.18632838370947627,0.037991280707436244,0.4655135385982428,0.026196022044614554,0.1386622671486249
317,0.8404958713229349,0.8027358005938366,0.019210466926372714,0.03481271069316576,0.031045592472308748,0.16695370286112635,0.08572177634371828,0.09751420297648476,0.2820907025818224,0.12559910850509673,0.28270940779340104,0.046154078484011846,0.19200327325005462,0.035901387150548886,0.09987464696654332
318,1.7105158038029797,0.026376950405883597,0.018868164959360535,0.017150134096447094,0.2288694059631508,0.017341003332854883,0.23557550234836505,0.23294553328963655,0.07481316552466077,0.11578833485356559,0.41177273793536934,0.19846235680956104,0.04924582055494062,0.022334911274277253,0.0068127078645124906
327,0.4449004210276303,0.19233203730213755,0.009984575131105566,0.013622603400265255,0.32029555857351766,0.11909050233995613,0.15758388104761903,0.015574093923375996,0.13493615837060846,0.1119711311023263,0.2840235792407569,0.5178971562781272,0.3015897842469419,0.06907945623959541,0.29983002689392835
328,0.878259007361958,0.23953308900700157,0.020988136915928643,0.0356707724534263,0.37758321210147305,0.018307546474340613,0.22460486713143463,0.04018824881235746,0.12075786906218743,0.050610869964355466,0.07739512739461409,0.03856755902331066,0.297144129551342,0.08704031450662209,0.024684277299096596
329,0.15917879849424166,0.5398050096553068,0.01690770949923802,0.08864130841028828,0.4454660902050727,0.08186594802210852,0.19559182061279992,0.01777923171181105,0.28364633928870553,0.08615268269519707,0.3696261003485103,0.4654434246707908,0.21263301755269318,0.04315605786479925,0.20188097590149756
330,0.18516422075804098,0.9113669086049808,0.015234146302686054,0.00935735833263292,0.30225525401292763,0.14131533036611177,0.4293870086193798,0.21684134427643034,0.33872589002949194,0.06805870067161213,0.20501308819151565,0.22434280621663982,0.14791728944904883,0.017094954244461957,0.06706693093444739
337,0.06886107250713698,0.2710615725935834,0.00924122290401659,0.005559747713927861,0.25576277449011514,0.01475561102389558,0.28368943279285513,0.11065019536957969,0.07989511594300712,0.04468623729509338,0.3040097227449898,0.13440159934657375,0.27220496987031595,0.03355608467756474,0.18339502761652893
338,1.1873622500195211,0.24900013734297444,0.012695610856606707,0.11536805029910119,0.357856876375972,0.023028223901578212,0.005810541676712793,0.22322530725543527,0.08227852158543797,0.12184468490613413,0.3546458633669684,0.35739959951497335,0.126635501762951,0.10206484585667736,0.046531076994917805
344,0.04934733693968731,0.7765658118012129,0.019169566996906067,0.062239335089447165,0.32055148577854764,0.004183997531749301,0.5950853432335372,0.12443685503668458,0.009667727949611614,0.21373593832382368,0.04024531702430895,0.040798455411186145,0.11885749494263859,0.005735764560829722,0.01750586596539012
348,0.9806680205745604,0.20654422306262585,0.018440240024040495,0.06049203649583141,0.11667253966367701,0.26027647289773564,0.22484554178102348,0.13883167369831648,0.019983898562193875,0.03171273627430324,0.07456785067860763,0.08224747814208976,0.23472175673769133,0.09299281562325706,0.04493105558015321
349,0.01416948860568472,0.06336104067941588,0.03708556388563671,0.005229569129414193,0.46490789316995246,0.054208995668271344,0.07741687899386256,0.06760978708603664,0.018010011601028685,0.0003362651703157775,0.007684829399719563,0.05885198117188135,0.311030572062935,0.030605640636053883,0.17757539106665116
350,0.7158421004862031,0.5709950005466441,0.021125865258811525,0.016660399190977435,0.03458247187115398,0.15170850140696912,0.3036203955487039,0.12997468199862958,0.20840643729176325,0.10077739189016438,0.5083060270522946,0.07760500889160386,0.3801267134335666,0.05134790213807019,0.0499876359356606
352,0.1025114745699412,0.2549510066019078,0.02864140120396623,0.05503389814544639,0.47766158698388167,0.027682374468982925,0.022348142129676018,0.23659662414525762,0.23007034787091948,0.09154992839983112,0.46363676899202266,0.07013952974618512,0.1294495785340424,0.022564338618864796,0.028930984444998184
353,0.32733975090449174,0.25746734411265176,0.0028058740498149866,0.08485928965396373,0.13182077828335917,0.10539206654449824,0.2272087628959445,0.07170484263405386,0.2538037365775947,0.33640093551751216,0.13032116812193023,0.2693696196610572,0.28673522903054705,0.007284686528476812,0.029526474557058677
355,0.10245478942196014,0.08923868132581422,0.006593085957299594,0.014812440925949294,0.26032553167825434,0.18244060433435447,0.09033384103154062,0.007197823992197142,0.09613734054224085,0.11932465890401517,0.08930938983751881,0.04430319449365573,0.41037611190171636,0.10162776981966648,0.011384041492695252
356,0.9189913826329301,0.4167886277147368,0.0011541019768019098,0.13605899033450916,0.30660959400335036,0.21635267957386237,0.038486633880968284,0.04821155305883562,0.04814472213194704,0.07109679257639547,0.2571753426883528,0.09576791063535987,0.10410503863990284,0.13305849066016706,0.04785944158436231
357,0.09370219802872119,0.5976920029857637,0.021544080264536143,0.022089511647968244,0.32587436970499767,0.1357281318196019,0.2455171726411852,0.06861623425854795,0.09122006445227034,0.14786574011908646,0.11703141256718791,0.055462713033044286,0.25014005053529764,0.040672406245759726,0.1907508927520536
364,0.8863864403160379,0.6065351721357884,0.015910240489303992,0.027409337070887985,0.07919009151503678,0.2774503549205806,0.1986363804951877,0.08379493604646783,0.09992240843901781,0.13405489038355603,0.3808858932426504,0.5413831715848418,0.23776601182332166,0.012029624194270184,0.0801169944846156
366,0.14720752610530524,0.6381555214531668,0.012446141915762621,0.06473435287073412,0.007757199709034263,0.18557860080624708,0.41304421197307867,0.03685645631128187,0.16745459557007628,0.15328748271894294,0.20421796537832101,0.32545706488925824,0.25880707193900643,0.008092839911345302,0.041906857585203114
367,1.091394797494562,0.20183914470010653,0.007611945395190753,0.07121792891484342,0.006539068027803587,0.316387827638698,0.15709166012203565,0.18597112504298555,0.137228805091294,0.02329272798748234,0.32436701336032553,0.19411430396440904,0.12303277053472943,0.057062820202677875,0.25958953385561995
370,0.6183107507556702,0.7675708901539561,0.01296934413848096,0.043670794988573895,0.23392706141982406,0.15535419726022676,0.1886467531214189,0.02874565236725001,0.16378797666613149,0.05126413148010101,0.6744841293538268,0.4082793306717346,0.2768297352477408,0.030545695245072016,0.02956743383315961
374,1.1604352078106381,0.2075831118198945,0.004873489608894974,0.09252704817140323,0.23229437263082411,0.16779727536197356,0.3749036135352923,0.3477602605068337,0.1951193211672783,0.030353516766325434,0.36910832704869945,0.5400608970613796,0.21058198866509772,0.03776555572373064,0.02901224342661912
376,0.4392319460732951,0.012296380205697186,0.006500500004273636,0.06742941031220873,0.28181909083123413,0.14495303469824353,0.4345511311324909,0.17115459066095018,0.31726010882597766,0.08471678472624825,0.1965972302488106,0.4555689330500138,0.304870004405696,0.08686009570080544,0.041966198354557414
377,0.03569326929272125,0.021890042385273166,0.014502645219892269,0.0062431954426220085,0.3881797014990293,0.17895491323567347,0.19867157921789597,0.04040751627179904,0.0734390310628786,0.08400715928759572,0.13898848105100486,0.20247563110292102,0.25762422850970734,0.03146015619845072,0.14176467930661021
379,0.3234732279056945,0.3679511429879126,0.01437217587644323,0.020213066736166047,0.05154852765743779,0.05850343304792394,0.2734127122574061,0.3430350515272627,0.1047915880671631,0.12329863009389881,0.17778820844704793,0.1728129905254644,0.370831414769254,0.057884191314810006,0.12632779080804588
380,0.34023072085141925,0.004020947120748165,0.014258456977141593,0.04119863835300424,0.029571539286921446,0.05907566316117505,0.0603395807498735,0.06941395051511776,0.1587298641515342,0.1204313272434513,0.17467702847748126,0.008543762232991149,0.05745444078948847,0.013542923265471915,0.293576944503338
382,0.13599955115789322,0.892036702766513,0.02271112184242931,0.005628912291026922,0.2545346408281734,0.23369799597421567,0.18650618705512687,0.11175142362107622,0.14420386051016065,0.12482996544214364,0.48533560460686903,0.25627557656051625,0.1555640599442413,0.05192850574677344,0.11238629083257827
383,1.1564733294859428,0.4660719708464835,0.017234637347702333,0.005683170498127926,0.0542013206673716,0.20076560508166566,0.3316968180481326,0.14584530392146258,0.17334800152973723,0.06677781814950505,0.5962851655680401,0.4913171611576275,0.11660797598747197,0.0512897377519535,0.2795280544530696
387,0.5021702990636604,0.877880330355398,0.013677424081775523,0.03928626835139393,0.11027201352484596,0.22794071990823717,0.20862783556669257,0.1572518063186237,0.23795326654920204,0.001626728257461718,0.050388414902163024,0.10086929460407969,0.13358894872793495,0.06024577137058892,0.12427836087624063
393,0.5606902203669851,0.29923280390971874,0.0003847623805390055,0.142371223124905,0.5246017717433462,0.16785736347091426,0.07595508630765585,0.1063940768232031,0.39755183107822073,0.10721432631330763,0.2057594625271941,0.35980231796206746,0.2982593082947322,0.010539664485690874,0.19592331067553348
405,0.0685844609952348,0.2515041585839964,0.009607884435752235,0.10116479301236549,0.01647599769229454,0.2242064578770972,0.37637071195683797,0.23691980273287172,0.060290156822161454,0.04523648931691974,0.2967687624251179,0.46636499402338355,0.3703998682949455,0.10640935232373207,0.17080742795854473
412,0.48851201555056717,0.0865204923248884,0.03166056868547104,0.003507909009081466,0.07900539459279414,0.052219102942702975,0.007845125256747722,0.11374268623760436,0.017488951474227566,0.06584629972548532,0.26224025052422933,0.009962382038077653,0.19268796811312003,0.06681300223445376,0.2825134838458126
420,0.23936373726091092,0.2122702510212484,0.01717278820912079,0.013345816850867068,0.583571539384644,0.1193082320655467,0.20411648092124016,0.09333392328018866,0.12094189014273539,0.05382911746453922,0.4101264887867913,0.6184360291955157,0.16848421171384106,0.0022589843149506705,0.18538594314464701
434,0.26281843711318,0.28275085005759404,0.01519644550904121,0.017140870081493134,0.09152582484725183,0.04440653812513906,0.019423987740722654,0.003204356433490577,0.034633384393738,0.2705403182488842,0.2330786000204409,0.12392985286272669,0.09825171269935094,0.07613039863012337,0.09716242244010938
441,0.4130958505516453,0.21950304015802488,0.019900969445263084,0.01673916598594147,0.22236731909609142,0.3078846284825237,0.30767093773108933,0.3424080211754476,0.09284141878302132,0.002685084281165735,0.07150856040203285,0.24471494437301133,0.23343885324037883,0.0384244993691179,0.1343486684957272
454,0.7695188525394722,0.5342179905219299,0.008163541558052323,0.03607963783146542,0.24703098272346344,0.06077920132187669,0.20344533200461093,0.15534856012627485,0.2645822340593394,0.09093004917017701,0.3696810145390209,0.5697811135301075,0.1289941142626476,0.05421611127159554,0.027366822051802995
457,0.10962894843425987,0.28851093827825786,0.017028454680233,0.008783447730183958,0.587612242676523,0.0207500781740874,0.13763133576778708,0.31756036691430434,0.06700012234957774,0.0017471326310537988,0.03419182067920371,0.022224905210086673,0.11315423461966144,0.031209964168828406,0.16296359725294524
471,0.6547947767805844,0.5249876847495571,0.01533206445776448,0.1364828350193349,0.2627290746470546,0.0982824793702013,0.10245364119761848,0.17162170247511166,0.24098192004142638,0.14292639020676493,0.5402752889612497,0.4549099577626862,0.07038543673289337,0.08017973579474653,0.015769073905946614
476,0.20721149454537544,0.3284216091110867,0.02870218752733345,0.001848916521736387,0.01674511595932542,0.04344988025964413,0.3768239653333848,0.00900010874663519,0.05114440275099275,0.07355930223141575,0.11264258061769912,0.18061662472754184,0.4561010716867022,0.019177354135026893,0.1667240052601226
477,1.218239181361739,0.13690778696024447,0.028963181816861694,0.07844760534251725,0.2910881585012581,0.09083765754638673,0.201645778968514,0.07807185201817779,0.19282537342768286,0.2341565022193081,0.540032505677154,0.5846394459476156,0.21175955798108725,0.018173237378920466,0.026996899106743622
480,0.27067693726187475,0.3314332554032076,0.024686908282940297,0.12491297667866624,0.11161045445065958,0.26736815106668055,0.2722044707209862,0.14442032262773646,0.0948283822680632,0.05996389524209641,0.38382834989279496,0.24319776351360822,0.2138499224477045,0.07318842347872977,0.10765880898891511
482,0.3369271430137976,0.657571632669606,0.011667149557430099,0.0438954173350099,0.4471189818658295,0.1032985902513594,0.03133867953114409,0.09999707961082524,0.04970439475001561,0.11067729904127883,0.6827086774270295,0.2360195584813466,0.24805077052364777,0.009957024670721045,0.07713014488482046
485,1.614996746636758,0.4291540268036201,0.0191772186350794,0.0560653846707578,0.041081468663310694,0.09279476759244028,0.0904673289517223,0.12623195992954617,0.06552887493661572,0.047291900019329904,0.0602947473615227,0.11046670614857139,0.06105349593129601,0.03050582178315897,0.3568992452637609
493,0.39246928600768805,0.4280589354118371,0.009586653470476266,0.05884468120081368,0.03657140098579972,0.08164726166534277,0.3812173751397156,0.1371389674659895,0.029080926075287054,0.15024383122601437,0.03617522941691305,0.5789148794117706,0.12956100404307574,0.007404101366482503,0.23228593218013746
494,0.20538323421395754,0.22430688550091044,0.02128634174333722,0.0069560933280740775,0.14228812734714388,0.06516077798997268,0.04333261238019429,0.3135903538271102,0.2733499220945941,0.20917172524133293,0.39351838150761714,0.05583410230037225,0.02781507069175106,0.0012171512524151236,0.16788832744907345
497,0.34809549069747947,0.01668001379303384,0.021637410782579355,0.0020077330170669393,0.4305665545899411,0.013100109695178977,0.38206476940783907,0.18501075123392152,0.061395833450421884,0.08462112773018932,0.16283309933490367,0.13367141811455582,0.022808377259264608,0.06025104222744128,0.19901159237351237
500,0.4106844914821815,0.17555797067715673,0.004057813557775801,0.10242977279073717,0.5423329746708903,0.14642910960107927,0.4707987055879912,0.2895053664557154,0.11639896610821765,0.15686832501385048,0.3098344351576977,0.19628985977390156,0.13471014185882618,0.016879405998027383,0.043718463430809026
508,0.016213168456911783,0.9727563239323723,0.00793002550825528,0.04220393031307474,0.717569703922393,0.03312447537445928,0.18679459918292135,0.22730983229873433,0.05151628165195669,0.03078064687612703,0.260510218899738,0.39752162326636514,0.15393093178908482,0.0034470973251209173,0.047564513110351966
509,1.4000825861586026,0.7525892670851562,0.01532959497948881,0.0713819010056747,0.4269547016207423,0.3022548748454893,0.04223368611661082,0.24188416306737182,0.2245281915902338,0.0670941482096404,0.30436511004483174,0.5351751561185002,0.0029790865412607477,0.022501666485477096,0.07520285243549867
510,0.49310395429582865,0.36574937136502805,0.01674723368481683,0.02990504724169894,0.5912726086301812,0.17302276702490585,0.10770210322397764,0.10015394674462615,0.1428012395773188,0.0657252617119171,0.8004224007966432,0.31784334053381774,0.2526735863121509,0.05581202500127088,0.07226402673845923
515,0.6711307465258732,0.21535008954338516,0.005253776688126309,0.09200812652978538,0.36006426135032454,0.32831708755781464,0.16692809568968553,0.1261398560486899,0.14853488491287054,0.1106910058602208,0.8830302606019034,0.08394442433398798,0.22108116983268108,0.02520503373311253,0.17392354823236705
516,0.5876057703633915,0.3698046976004505,0.005781450018875581,0.055154701978879984,0.3957478189119658,0.09999720661025056,0.1340710912886117,0.0021426775230937467,0.22963820238640753,0.14510374069813659,0.18910920336377463,0.24963197755932715,0.025687339690400587,0.02543987153689701,0.0646433900526655
519,0.2015052491004283,0.8874744702986953,0.00569599704011189,0.07414624674398775,0.34383143941795374,0.020218533882470184,0.04923354587891242,0.22288907059043223,0.10874473948579967,0.1448722753426006,0.618783994260142,0.008436326320040793,0.11294707889255952,0.12691240822797603,0.06504854761829912
521,0.27721778633113237,0.2081734555290005,0.02974458119511318,0.08116505418781407,0.22673059539256624,0.057877012045431366,0.11765640799112156,0.17093375723479026,0.12721197986579763,0.06603504906546792,0.07546136421587842,0.33568221998131126,0.2731683787436824,0.01089786521831412,0.223334225141064
523,0.6940345659272277,0.3598293684632454,0.013061959322370401,0.02022505686165335,0.25237681789865435,0.01676215856519939,0.40407143885310837,0.05900051553692194,0.18677505241661696,0.0439277047714068,0.28557086466231624,0.11595635193979172,0.276638335251491,0.042186509282481834,0.13299506216891221
527,0.016338558131569363,0.08153116165856154,0.014423707135985364,0.06687445706409265,0.32328190313764604,0.001627729721194099,0.3234862739035293,0.024203206066630966,0.0075806256132049665,0.10148427331597971,0.07998099545988845,0.06575900199037854,0.2622170336496953,0.033325123022988,0.2023967845403096
532,0.3283965473759184,0.04250076686901498,0.013887811552401094,0.0695685788503904,0.341856647201989,0.11952148120043392,0.0835977265169839,0.20883436511500655,0.11584907467746823,0.0900737176252772,0.3020747021803756,0.3768121352489042,0.15259047257581654,0.03212594795458853,0.05092679160642873
533,1.0011486756327823,0.06293390809612531,0.012433868690973493,0.016694440619542388,0.35506347608894656,0.2822466764748329,0.06017990889824524,0.10150440115002568,0.11053330340332629,0.08967166030652211,0.13841846664720164,0.2032039630686216,0.5680691669374942,0.07163307428113665,0.09675115266128823
534,1.295064297717569,0.24201968331882184,0.011551227394331879,0.05022188883613437,0.51897037031234,0.029266003849112276,0.3544317262834982,0.09504274095745611,0.006281213489045352,0.13516732905227746,0.21713428468392096,0.558730793837557,0.07246284606552465,0.046872238174288594,0.1333523299621527
541,0.6627809787779491,0.8902406705497873,0.007234121718396483,0.0730322774249815,7.586345570888952e-05,0.006955995210429262,0.09463356493933169,0.05744650823348514,0.18122535187127656,0.07842112524993544,0.4748712873831684,0.47780351972803997,0.04530297825679041,0.024080880754989934,0.020268636781261576
546,0.9402135915170368,0.42175980290691334,0.009246573693789431,0.13518158450087095,0.24397643974925895,0.2580198885841666,0.10889138757746038,0.16256958160801765,0.10177623830944871,0.05691337758637865,0.1811743020491742,0.17892425299774684,0.17731512849868944,0.042900015828343734,0.16058364029504738
553,0.03539898852345606,0.00011784610634976403,0.0509716887633966,0.09954723202238487,6.226267293971445e-07,0.23436295759502462,0.1925405767975231,0.06523650903636029,0.0024160415803439364,0.0008997812440521164,0.00017398572667230226,0.23569651730274774,0.013318742321276075,1.8538785668207614e-05,0.3618489051887684
555,0.40497474473654776,0.24263462069540193,0.008281170051839794,0.016204332304992127,0.48122166398852273,0.16487479400694668,0.2847438175551293,0.21201854227994144,0.2484088388147352,0.18527100983378472,0.14894745336595436,0.07355540975112701,0.12024650859265554,0.06035527982411814,0.06490543731838683
562,0.13981410840404926,0.909380074609469,0.0101750979900337,0.07131368148579022,0.2804585683590154,0.01953162664665245,0.09423045254158227,0.09653000542418227,0.20860503798388594,0.007295460132594675,0.1912264247951428,0.1183569659943782,0.010183343041462482,0.07148588809382296,0.14192709210989754
586,0.4452370973076948,0.1871707942020275,0.006307707999357001,0.06663204148461498,0.42364729010738905,0.15812341950907546,0.5844991440359042,0.03698418160471906,0.266217672837394,0.1008033334685197,0.3820402386511989,0.26598761298519197,0.1606331713470169,0.009913270813518447,0.353658876479478
587,1.5822724907790515,0.3281606112289937,0.008573320044950497,0.09692054524952502,0.1818160998087422,0.10431828272341498,0.1861123526161318,0.0011232920296408084,0.06290560441497535,0.04289448232782318,0.7493362147277083,0.5279600525836478,0.41888461645081215,0.0064427290499945705,0.08198985742640554
588,0.8076154656248482,0.214809894689605,0.003320941149777982,0.07950578520458922,0.1485464325111827,0.19577257556689864,0.20349374229516173,0.10306590170937056,0.12234228469145253,0.09654019772471512,0.22854395511552333,0.32882084298879904,0.0709915330562471,0.08761383701184576,0.047025661315914555
589,0.8971071005123248,0.3125403471704072,0.001985266147514792,0.04086528086274085,0.3354830094207775,0.06741415042776551,0.18420995989494243,0.25838124177771216,0.14779009885594815,0.18832332576761807,0.36358754147045114,0.17696831443908556,0.1378790847267475,0.019677215494153428,0.030418797688259246
590,0.9464336680751657,0.3933954901063601,0.002044522736972043,0.04397894293665386,0.2306608216780468,0.11066085212804201,0.3536840313103611,0.38999524140989544,0.45344206364362366,0.12187450724819889,0.7393492932335789,0.3866387923929825,0.09711799028248803,0.013307766465379832,0.19539069011349955
592,1.203428315936467,0.31231727247502933,0.007606319228700386,0.05383711630313511,0.002568992828585269,0.1138146952692925,0.1709515073548302,0.18037754537660877,0.16932142271482872,0.10932686129703617,0.39986226771041933,0.6481440824746852,0.12241878682423431,0.0727212470102457,0.05749812217067107
593,0.16101567052389187,0.3490159187504028,0.013322342204079327,0.022582208514939684,0.4731452586997437,0.024127868570580926,0.12059816429249033,0.2649364108979801,0.24271754127283582,0.04696327067497362,0.8501118777081567,0.016992769407684127,0.1877319459590882,0.11464292941267365,0.12387775644080437
594,0.014489267763942184,0.3604562612467631,0.017378436944779186,0.0059974755812694895,0.05954148092325314,0.06865989393626036,0.10178898442282729,0.15129401003566745,0.4031242086654065,0.1023325413573941,0.19095211866889836,0.3951663973816238,0.34127519133411244,0.04104545082633527,0.16201547708388836
596,0.2842340930121508,1.0462263742031508,0.0030597287388228643,0.060540662433116864,0.0014102615134328083,0.09161504215191772,0.010363101321460204,0.14064719804306341,0.018225577161187875,0.0027554816922493227,0.5460143110027721,0.19337807398503035,0.20540986536954833,0.0445527031736794,0.0327213318529315
597,0.3617843607957593,0.4733273673682977,0.016978392087360607,0.015075795987111113,0.3441830321062798,0.10853619679323158,0.0767951644251639,0.24936414151606495,0.17226075745825925,0.007910287757880177,0.0406219197050596,0.07513580255133524,0.07762531302897137,0.06182588234553031,0.1525741970444772
599,0.3169210624164415,0.14115350146224903,0.004247594834469447,0.02081185350311928,0.0916250391836579,0.025450270247148823,0.044351878921546434,0.030743037318421516,0.015764271981782547,0.028257054480430668,0.05195708036171405,0.05644737458731884,0.04551347414800253,0.015847020248440157,0.024445538894751317
610,0.5944379502235222,0.08062311884312146,0.0035815625697792493,0.0023116859623936044,0.45549401178436744,0.1145699503910841,0.2992189199040667,0.23088443177031587,0.19593246236659104,0.07955989982463231,0.33359742044307017,0.47967973664258245,0.08612319395620781,0.0508441443119568,0.2559862813642818
